,A,B,C,D
01/01/20,6.69545543355382,-0.490929176776938,-2.58577021335693,4.16493035598977
11/01/20,-1.54996817712237,0.274068728107898,-1.76543183099616,-6.76014566887134
21/01/20,-4.60518583860226,-2.41471610692147,-0.834199288561741,1.43591255063223
31/01/20,-3.47761509686758,-0.291893171502671,0.113033154457957,0.075424821709945
10/02/20,-4.52990016084126,5.33572658159534,1.52767005180534,0.87430666875326
20/02/20,-4.45582376315709,1.48229489042848,0.474964399232647,-7.5095425054625
01/03/20,3.3333969410031,0.575348005820842,0.732047034524914,4.07713866495495
11/03/20,-2.58180216356403,-2.19698717103159,-2.4755503043828,1.31576006294701
21/03/20,-6.75861814116654,4.0900776453189,4.55081486764042,1.00358939785849
31/03/20,1.66631966911835,-4.75264865564864,3.76614337649323,-3.641120269606
10/04/20,0.657936233910702,-4.3503933411193,2.70565374818486,2.99319864046204
20/04/20,0.527170128823968,-0.938100432931057,-5.41737507522254,-0.198499973454372
30/04/20,-1.17202895985457,-4.06855185785456,5.45398594871644,3.73994634474722
10/05/20,4.43471156882956,-1.01934497962484,5.76951103231366,0.312279551911358
20/05/20,9.09442867689429,3.91654964552051,1.10863383575018,1.69438011596488
30/05/20,5.13956406874224,1.67825536606585,2.7376759533052,-8.2529919254121
09/06/20,-0.083861571591648,0.394508284535949,-0.543651360283423,5.86715077999259
19/06/20,1.29295371883289,-2.07901324929973,6.86657422294052,-1.15365375914163
29/06/20,-0.097412616865955,-2.15494141019956,-1.84836471662028,-0.33589504331042
09/07/20,-2.70132583422769,1.56720124131353,2.02741670573472,2.53199253231883
19/07/20,-7.38640226975821,0.227168407746855,-6.98270311921486,-2.55825915655073
29/07/20,0.752930216556501,-0.25039726349278,-8.62733262414682,1.48761969412264
08/08/20,5.00284439490164,-9.13826690856519,5.53294443284953,0.721161776114151
18/08/20,-1.55597782308983,-11.1638630928372,7.31626929103717,-1.2260889487234
28/08/20,1.07585829067711,6.22541823781779,-3.28761180464188,5.14259892864789
07/09/20,2.62933271030868,1.6233896409213,-0.478842520149552,2.99252954604282
17/09/20,-1.00416338000758,-1.54077173212533,-1.6117576964865,0.073244513647178
27/09/20,-0.371651222513168,0.371177646418087,2.35555418574335,2.40288523036401
07/10/20,-1.21176812885243,3.11992261385729,-0.373057920049422,4.80222486326027
17/10/20,1.17508632785441,3.71568267644882,2.52311888409581,4.08345227353262
27/10/20,4.60203801130854,1.02449146235722,4.96409301829694,-1.90572978206342
06/11/20,-0.028960784968333,0.836640458673722,4.01996109926388,1.10940879070581
16/11/20,-2.59212692654268,-1.91318344761274,-2.0916848277207,-2.63012615429408
26/11/20,-1.76722457797443,-4.1250136003027,2.03967825515923,0.990790645956454
06/12/20,-1.2275152593341,-11.068026878605,0.879061304293853,-0.532019135879752
16/12/20,-0.625446855171791,-4.23603769629635,-3.47890815868392,2.56592112961188
26/12/20,2.9251800238077,-4.66356306858922,-1.41900687391285,13.2093382182603
05/01/21,0.021227028415762,0.99444378381269,5.49802889792544,-3.49581928363874
15/01/21,1.33850515540803,0.377328749428485,-0.764604275390902,-6.42886357453266
25/01/21,0.17292537818532,-6.86846147935137,-0.852152697985738,0.77537715760389
04/02/21,-0.604143326545256,0.362521572479114,3.91282601706489,3.60427246422224
14/02/21,4.21253037872562,-2.34107827053856,-0.180978445736662,4.56275696179025
24/02/21,-0.37772821007578,0.172296916514641,4.94532727413564,7.23331833766455
06/03/21,1.8155622729779,-1.97321670380404,-4.91189080043874,-0.103737402045821
16/03/21,-0.00613540439659,0.432141209281834,1.40010764104908,-8.80115094642109
26/03/21,0.618764147158786,-3.5315963675141,-7.44610828733128,0.467280825321505
05/04/21,-2.05159681323167,-0.505502589098423,-0.358957335595705,-2.28230255555412
15/04/21,0.258662503173072,5.04465994898778,-1.46663519987734,-2.81433808664224
25/04/21,5.20857738213379,-2.33075990971387,7.62780466518037,0.48661234426908
05/05/21,-4.59521486812835,-3.47337901939013,5.38199598891239,-0.112514213275632
15/05/21,1.03164489849376,2.74558973861601,6.78600958173012,5.14075493199163
25/05/21,6.50394386288111,0.88496480505003,0.761366038193022,-3.01901684707344
04/06/21,-0.409333701310777,7.39032833131381,-5.0257722196069,-6.1976915448303
14/06/21,-2.25003977670831,-0.133486203659476,-3.06663497728344,1.90868886207585
24/06/21,-0.519146107021178,-2.53368713386502,-0.686560179095223,-4.59347247932163
04/07/21,0.379110844307856,0.291900058292958,1.71775783033203,2.92624632179418
14/07/21,0.064716874445407,-3.28851438840376,-3.45434143249411,-5.36762623232169
24/07/21,0.638415154112695,4.22842273447938,-4.36019949126734,-4.0666849722573
03/08/21,1.18566167965783,0.927775378977608,3.63940221287063,-3.28944312183145
13/08/21,1.63277154222604,-3.22453255275322,-0.27752421287996,-0.087807589941606
23/08/21,-3.95418035368481,-0.873998153055849,-3.11014394355571,-0.827716599243935
02/09/21,-6.2944303125846,-1.78233290820407,-0.88554413384743,-0.647730118162349
12/09/21,-0.667358663912107,2.3883776986562,-0.597118918670412,-1.63954798173266
22/09/21,-2.75806756310297,4.31186266443229,-4.36188977569116,-12.0665287233453
02/10/21,1.49211597469556,-4.24458722467718,-0.510787697776723,0.012789897392419
12/10/21,0.628844191631766,-1.95797705828316,-6.09521589172954,6.02687005270156
22/10/21,5.65416973352252,0.330678769055318,4.43005583001074,0.220888926680873
01/11/21,-4.71756025935254,3.23750972754464,3.77191503692166,-0.50208302568281
11/11/21,-1.26641917084168,2.49072699739885,-3.57786054218255,1.79626481704399
21/11/21,-1.15595769055327,-3.52190582797364,-5.79365559693743,-0.21891423600418
01/12/21,2.62040477361288,5.52574822494161,-3.51679378382947,4.39435906054197
11/12/21,2.79829844947892,0.493093483226152,-0.804040677377523,-0.313265229769033
21/12/21,-5.58149462530935,1.26833654297843,1.60278621151667,3.77047324809976
31/12/21,-0.736293766917662,2.01669545939519,3.85116815357398,0.184007593314716
10/01/22,0.104145297698718,-1.53080464764024,1.42709192121631,-0.762188422624634
20/01/22,-0.366434504934349,-1.26339696656552,-3.09149453061288,-0.78294371448174
30/01/22,-1.11686869362931,0.584227807807356,-1.90252355912299,2.13025489325572
09/02/22,2.7650114264196,6.52036301609222,2.25063952154805,0.294337202389364
19/02/22,4.69309118430283,2.44239608682742,4.45711321809739,-3.9079323582533
01/03/22,1.46472604522456,-0.292646908760354,0.581108410085754,0.711274697732775
11/03/22,-2.06196089312316,-2.49340540404314,0.643175603680862,2.31168418804314
21/03/22,3.21280524817193,-2.34472918473337,3.67871796704258,0.013265044118404
31/03/22,4.85469071199946,0.669620215381353,-7.90314952044182,-0.256062544882421
10/04/22,0.098749673262269,-3.04360261251277,-1.66637433855378,3.24017426770053
20/04/22,-1.79673212285155,1.67107751884557,5.00508062636258,3.53000233844084
30/04/22,-2.83858233479341,-4.28368697559382,0.369115588508796,-7.9863388094428
10/05/22,-4.03689946817002,-0.485213168717469,1.90629410446461,2.16712639801193
20/05/22,-1.96540541822618,5.49197034476499,3.24818295677673,0.877785445130762
30/05/22,-1.19702732146749,-8.01198247065304,-8.56735015985992,0.435947670592098
09/06/22,1.6376125640498,4.18411954149956,2.95074234977914,-1.00045999008238
19/06/22,-2.93433659192196,0.576639113227017,4.25834940665125,-5.56684725515941
29/06/22,2.40936513104957,2.45736716835279,3.68490239724508,0.727675882560292
09/07/22,-5.47220235714835,-3.43516423804991,-1.42059139354021,0.766655219349491
19/07/22,-3.25712187241327,0.798359637777962,-2.88536494574695,3.36134267886618
29/07/22,1.24384156588189,-0.250966269493436,-5.06827977523295,2.24652698998855
08/08/22,-1.80937680470211,3.17793201148536,0.880939092265693,-0.631886567240193
18/08/22,0.640852033807856,-1.29223001591379,1.68161236715257,-9.67108603257152
28/08/22,5.40449988535248,-3.56588048264325,-0.049965097402741,-3.34781418898698
07/09/22,7.76619660678118,0.021538795145264,0.133648774983185,-5.38668742867359
17/09/22,-3.21876438261849,1.06877865531313,-3.3712157636859,2.22236484755385
27/09/22,8.89658484581501,-0.424060505005342,-3.25614539884454,-1.58560985915454
07/10/22,-2.69439181480348,-2.91359889909692,-2.44186221015674,7.35615631888291
17/10/22,1.25252086678344,-1.21221615466168,-3.34374701961788,-2.38011603611698
27/10/22,1.23839857741213,0.006453762648906,1.97849045134849,4.20632686604076
06/11/22,0.228009483823715,-7.72292831002817,-8.90201695790196,-5.92817675017419
16/11/22,1.95685582495759,5.48607241311401,-3.17067011929156,0.618435652135841
26/11/22,-1.10948718969372,-5.2362118070083,-10.4153414200754,1.1318811490471
06/12/22,2.67129342391985,-1.24590319482267,0.446429561589568,5.65184200058335
16/12/22,1.03095330576495,7.73700798702247,-6.49155829666668,-1.08524292344663
26/12/22,-0.872646616239331,-3.49066538528914,0.282485406524945,-0.198105757227582
05/01/23,7.92089179751482,-2.4136181301315,4.05991891622431,0.817989826713186
15/01/23,-0.814661132125813,5.44463250604597,2.53758474686638,-0.008537018658185
25/01/23,-4.41029679209791,8.03508822163409,-5.78116242873461,-3.38477478264399
04/02/23,7.59683312165714,7.84653017185521,0.460781605406346,5.75958611631281
14/02/23,-1.19090754498391,4.27609462422654,-1.33855736381991,1.04793165894581
24/02/23,-1.71654508424408,4.83856112763102,-0.310998356553403,-2.5904070866853
06/03/23,-1.49663461331784,1.19981036619859,-0.483220358582829,1.6079741744381
16/03/23,-4.42066853949486,0.066828172389422,-2.94456766575833,-2.22006140388513
26/03/23,6.08807286711726,3.43541020461045,-1.04874838194946,3.45415103173747
05/04/23,-3.93278091729604,-7.79622069653248,1.43012860667545,0.921259412841088
15/04/23,-6.92051625087689,-3.80005171460835,-0.100122378070273,-1.62777957853971
25/04/23,6.8848360996928,-0.88641490869103,0.261769657322804,-1.32331452022618
05/05/23,-2.78672612471567,1.22215876559908,0.568583567069216,6.16748790096187
15/05/23,2.19278752620435,-3.67415991436494,-3.13405269886041,-4.28237114944172
25/05/23,5.78879167653527,1.57989500896898,-4.25658983219408,1.97390429726078
04/06/23,-3.4110959772902,-5.57664448215114,-1.48786270050921,-2.70258371649055
14/06/23,1.96301557463781,-2.17001577803698,-3.45585706978963,9.4856843967886
24/06/23,-0.704228896803862,-4.29555371401603,0.456869887289487,0.97056415787974
04/07/23,-1.00987211197263,0.338320548898151,-3.97347632197596,2.27239989110613
14/07/23,1.32792485380559,8.70635488893374,6.31369253151145,5.29071184297518
24/07/23,-0.131574574305849,-1.0422376373096,-1.48970443501077,0.377544409108633
03/08/23,1.73611937525515,-3.68322127745752,1.25690936285849,3.26382062308861
13/08/23,0.027413438072943,3.13476471163158,0.743305179653433,1.15663968919367
23/08/23,3.37190058423782,1.2263701447306,-2.61491201522031,-1.2369602640771
02/09/23,0.042346531483602,0.157318115326732,-4.4126896544418,-4.23289022807043
12/09/23,1.85206874279775,2.3930778098426,-1.15841552245519,3.8096222164917
22/09/23,-1.91718617549817,-3.651883494318,3.00728783441693,-5.85316646750211
02/10/23,-1.69825262426124,3.80925611478652,-0.362814254483901,1.40136821066949
12/10/23,4.98714203283732,-2.83129220643634,3.38886253421467,1.57486055579447
22/10/23,0.023809082156541,0.96240453331372,-1.3721815905241,-9.63920642177566
01/11/23,13.8405530014706,1.14060437567171,2.58647232532443,-3.4975750539164
11/11/23,-2.20043914200517,3.97752867636212,5.14270862160412,0.183664361854538
21/11/23,1.00287481447108,-3.06497883877222,0.123373519700027,-2.10124502538666
01/12/23,-6.93520833971153,-8.23561032477109,-1.38139886584597,10.585473122216
11/12/23,-0.7480032506224,3.15834334735745,1.77809400764863,-3.59665682438832
21/12/23,3.5433518019391,4.84370521793263,-3.84858602191256,0.333965028819667
31/12/23,1.46843747859074,3.96320031677955,0.505744467566407,2.7366280385112
10/01/24,-1.57821796054485,-3.91711689623071,6.551573635276,0.437148356843243
20/01/24,0.991440676125774,-1.43347865090922,0.283412315950695,2.31597896040196
30/01/24,1.02889523277513,-1.72710134433383,-2.62367985096612,-1.99441302257343
09/02/24,-2.84924209591424,0.597719632238398,-1.25572637986319,-3.6343717125316
19/02/24,3.66703547787893,12.2266430857348,1.38371784917925,-0.632471292174991
29/02/24,-3.38314929235115,1.69174118548632,0.183000972657134,-1.09471438832118
10/03/24,-0.924869142470151,-0.944979096134606,-2.22256410485856,-4.01272870604298
20/03/24,2.13985050736559,4.67804630925575,-3.12203327136741,0.214661455299934
30/03/24,-0.101838988589962,8.72791891746526,1.31809782157322,4.68346168491098
09/04/24,-1.84781369795409,2.26112809994444,2.46857140898599,1.52844907730306
19/04/24,3.29574709600862,4.65877041740004,1.41187258743184,-0.02023449727
29/04/24,2.8385077822998,2.55145982187677,3.16637347630079,4.48285441711628
09/05/24,-1.96101647203632,2.09225605182738,-0.699456991082132,1.73270302084974
19/05/24,-5.23709061601142,4.67380370232503,0.021481541822828,1.45812992493069
29/05/24,-0.60029130951816,5.31768658199728,5.19005122558756,0.617557332565221
08/06/24,-0.738120713036483,5.89003355691639,3.52519329778328,2.00032239950273
18/06/24,-0.931847703436588,2.92623921625266,2.1265952096909,-2.60340619419928
28/06/24,0.501373285684694,-3.13272175606415,0.909418091247529,-1.50933787618626
08/07/24,-8.44135143907474,-0.681169956947092,-1.23468818917317,-3.01408231949845
18/07/24,-1.49847492820157,0.93070160121872,-5.04377652303046,-1.99681586712392
28/07/24,-2.86738059351356,-0.267872188128832,1.68707257663425,-3.04172237148377
07/08/24,2.9877339656349,-2.1687059440483,3.58727750597745,-5.38794202980091
17/08/24,-2.48056168097423,12.7994000839208,-6.14016157330532,1.09684272658752
27/08/24,0.657167705201658,1.40413255104391,10.0685537402038,-1.25212318341783
06/09/24,-0.109910779526684,-2.82671139664811,0.883327550923131,3.91820363244031
16/09/24,2.04439475419685,-1.20740233460818,-0.918662191728259,0.24783591042714
26/09/24,0.872580397654441,1.26966754735733,0.481766253413418,3.02902802265104
06/10/24,-3.38929702428128,-0.30797987566958,-4.14867302466841,-0.533393241021883
16/10/24,-2.32988999495052,-1.23377881603012,-0.502278032800652,-7.46555066468087
26/10/24,-4.37987120705315,0.488846780197147,0.240660518479466,-0.431716870254643
05/11/24,5.62651942931326,5.13337069887891,-0.18667243942733,-0.091270786734654
15/11/24,5.74481272999941,-2.73474906986568,2.50943680785053,2.88203205972631
25/11/24,-4.51577082028533,4.09003209592756,0.790169940219545,-2.64214734805531
05/12/24,4.82318171926522,-8.93541656562811,2.67720999088202,-7.86759448739151
15/12/24,-0.664226391862865,3.62130343839585,1.9283262814336,-1.80072401330493
25/12/24,2.65683427672245,-5.47111575688846,1.20658459523712,-3.70164034826919
04/01/25,0.821621971904366,-0.454502144961663,-0.089278260780225,-0.399284242279112
14/01/25,0.81328837023194,0.332073982381431,-3.69511708567303,1.91353230841861
24/01/25,-5.43428922841393,-0.841463724478958,-3.73016311538454,-0.385066573376599
03/02/25,-1.95942085507639,-0.069214018954942,0.425640295174965,0.680082031694403
13/02/25,0.017012813424593,3.35398077569393,-0.174954085846974,2.58134009590192
23/02/25,-1.00216325482552,-1.90261918286607,-10.335305406203,2.20495495779866
05/03/25,1.90285048289351,5.03397048808778,-3.9773064660873,0.723265668231129
15/03/25,-5.85779127018859,1.30460506310567,1.49275205891916,3.17919326336294
25/03/25,4.60755318776677,2.61957302711198,5.9337996264993,-2.61451347167963
04/04/25,-1.66557483517174,-2.43317089665739,2.63468548525536,-1.2246674112525
14/04/25,-6.21781773434862,1.26787526870181,-5.61057600169527,1.97799549888079
24/04/25,-1.22088498401816,4.7343378076777,-2.31372958629666,-8.78290728128294
04/05/25,-5.05509718063408,-5.57755721187788,-2.93011103605333,0.749837200280042
14/05/25,-6.17749983943557,2.48669287461316,0.194348272382308,0.051132644963474
24/05/25,-2.06631532634938,0.19328628600585,-9.32203769178815,2.56945700236486
03/06/25,-9.64703867231782,6.68687155176758,-4.15772045684279,-4.31470561455271
13/06/25,0.082459511640948,0.303766022663219,3.54901777758458,0.53082850757294
23/06/25,1.34341869305569,-4.92068130871065,1.92182328348366,1.25794019784808
03/07/25,0.65372830091642,3.32758074399437,1.12001375425072,0.859063966636015
13/07/25,0.547495826760587,5.27749449721885,-3.68090357845031,4.10401320770105
23/07/25,6.14798009426957,1.36175463620036,0.811448604362095,-1.02095341469705
02/08/25,-1.61008045850305,0.497253082730699,-2.7106287986145,-1.23288019534789
12/08/25,1.38451679528317,-2.20717349396378,0.95293225108194,-0.012925369404802
22/08/25,4.20427384179724,2.96721872745979,2.91523674349864,1.75922215116021
01/09/25,5.43826770821244,0.310621463281834,2.0069366765701,3.96245450336367
11/09/25,-3.98255492089724,2.82413378290718,0.176289889994563,-8.13661324767095
21/09/25,-1.63797654706999,1.85526201498471,-1.95005608974846,-1.08799341522946
01/10/25,4.01526900853304,1.97526474818231,-1.99219850744111,0.863243922076718
11/10/25,5.93098006913436,-5.14786474544057,2.38886573249574,-3.28885406779835
21/10/25,-4.44793317750685,-2.36438784164821,3.73734655639369,0.814787916163885
31/10/25,0.952925908170051,2.81866404157868,-1.13253692771013,-7.17208264798793
10/11/25,-2.04044688037747,2.92864732815267,5.23664542177734,1.10371987653392
20/11/25,-0.034326595788683,1.29358933582459,-3.80408977642385,4.32102117328696
30/11/25,-0.302630079416847,1.28046472976864,4.47022743639959,0.458127862998545
10/12/25,-5.4615907796617,-0.750580379394207,-0.665751075410899,8.31730893964833
20/12/25,7.16646056594329,2.74408830407948,0.852416999036143,1.78189199267889
30/12/25,0.221329635128234,-2.78825636364172,-1.1555992176777,4.2597956297668
09/01/26,-3.0547594314155,-4.49438174206584,1.59951092838122,0.304439606088167
19/01/26,7.91052268070628,5.40924637197728,-6.29685139426426,2.43618083963712
29/01/26,1.02089928387721,7.75609473494358,0.815046459137883,8.73176380211621
08/02/26,-1.5313015338702,3.04038035870397,1.13138871637327,0.603566227563888
18/02/26,0.477171555410038,0.909218537580006,-2.98691827725125,2.44756989930141
28/02/26,-2.18196989699907,3.89993246244368,1.68677925392582,1.5337206067422
10/03/26,1.76737733992104,-3.26458914082333,-2.92670306770143,-4.94010992138215
20/03/26,-0.751851900203303,-0.797132477576563,5.21205537457721,-0.007617115695835
30/03/26,1.31457816276624,2.03741884376281,4.27601253971165,3.10056320512526
09/04/26,2.1615104649347,-2.01821020574409,1.35341454926831,-5.22686526676107
19/04/26,0.542485684287286,-9.33443522646139,-0.670943446800179,-1.62119255847795
29/04/26,0.524853425601872,-5.91661803532903,-4.46280319349484,-2.17616173581105
09/05/26,-5.04606403416556,0.846761308195504,-1.55509497058071,1.86268264340075
19/05/26,6.47522697618395,-6.77400362302518,6.5806995908054,0.487848206355964
29/05/26,7.28273031574405,2.72804758954236,2.41620498851886,0.381511448358367
08/06/26,0.584173256735469,3.59819869134113,4.44547404633581,0.51839022487972
18/06/26,1.37503863354142,4.40438530630793,-1.08300770475064,-1.97237127130178
28/06/26,-5.72275880617143,-0.689513303661339,-0.722336165927988,5.27302463473921
08/07/26,-0.962272520441602,-1.65151614236376,4.86132973606357,-1.98697385928351
18/07/26,-0.660373709719946,3.39452720265713,-2.77470190242812,9.98555111075433
28/07/26,-6.3993900078774,-6.90852513061484,0.100391662301762,-1.63311033245798
07/08/26,-9.45644893131779,-0.48103620996854,6.20051799847249,-0.54962003478911
17/08/26,1.10260116598816,0.016495837166764,5.96963516481719,-15.5523218914463
27/08/26,3.05259083720903,1.27998238534784,5.97487665381397,2.04767102443881
06/09/26,1.19010238025395,5.57786746753464,-3.2601019019213,-1.60345258219204
16/09/26,0.63625794080036,-1.64719485991932,2.88563374285289,-5.08602593974719
26/09/26,1.30842469823032,-0.359134205794613,-2.7012074066062,1.71518766649595
06/10/26,-7.44220396548277,2.30923476229876,3.34525217526634,-2.32482818351864
16/10/26,-4.73039385725289,-2.18194859413606,-1.48082219105751,1.07511508003362
26/10/26,-3.58763227344939,4.32535726694281,1.76791202819892,0.558944739997859
05/11/26,-6.14635105015789,-0.251467447205018,0.204008792850961,-0.211304324155009
15/11/26,-3.00777749166161,-9.64616993639939,1.76532626450902,3.86588757586075
25/11/26,5.54564105042274,2.18337810366519,1.33935771741724,9.53935702307227
05/12/26,3.70404853869025,0.755455145568703,-3.29421781222869,3.07124120647354
15/12/26,4.32735486935487,-1.36448335120949,-1.16782911336475,-3.83927404415398
25/12/26,-2.77083000625977,-2.60081625939891,-0.547387249209164,-2.61554958460716
04/01/27,-1.97039040693229,2.68913002378452,1.05994030297591,0.555947707369449
14/01/27,2.4683582392183,-0.964746605938612,3.27408889728675,4.16384013475906
24/01/27,-3.36567910439664,0.242151887234146,3.0049708244972,-0.287367030643962
03/02/27,3.09305440195286,9.37428440333452,8.04296916130024,6.56715742359234
13/02/27,2.27288692093749,-0.873595778745856,0.202714114981152,-1.96279483062364
23/02/27,-5.30025854960121,2.715071153725,-1.21553670187547,2.64023474549898
05/03/27,-0.558975665094202,-3.90535637546741,2.72128448500501,2.22449315915825
15/03/27,1.7229166353373,-0.201278453126711,1.8327041624724,-4.36377796029205
25/03/27,-0.991437451389423,5.79328037162221,-3.7601359039636,-1.00553725098864
04/04/27,1.83160992489071,-1.54797397117849,-0.877296329094657,-3.12974229280623
14/04/27,7.11609553459112,9.88582810446727,0.496798006652815,-5.05456482323593
24/04/27,1.88444518889474,-3.82352783992664,-0.063044204946634,3.97139812744648
04/05/27,0.014436472756966,1.27292609820833,4.32539223910897,-1.68503434044402
14/05/27,1.25743415349668,-3.6069918299449,4.14438523985865,3.33682770778752
24/05/27,2.00146253427692,3.15246216047641,-0.820154078356802,1.36776932287578
03/06/27,-1.54512477335558,0.0681930484986,-2.9135347604214,-1.61522819581588
13/06/27,-0.423182079011851,5.49117655226212,0.927340346072064,-0.443936945911254
23/06/27,0.133204680760413,7.2848347600811,3.07431042917789,1.37942538966571
03/07/27,-2.00459225554943,0.780257125889037,-1.2575140480087,-2.60051831447412
13/07/27,4.24138684457964,-2.72085097903208,-2.41562028234689,3.1145594896839
23/07/27,-6.68831736123731,2.05005854236078,1.14100855247177,1.28893736186491
02/08/27,1.44898442377109,4.47991671371894,-2.09472423379815,0.399635679690591
12/08/27,-3.56205860466119,-9.28725217744871,-1.80518675107208,-1.12397555133246
22/08/27,-3.1625465846668,-2.27687506599051,-1.30086784528255,0.811310880136577
01/09/27,3.63094986997998,-6.4864529073096,0.21524799092626,-1.20791385378448
11/09/27,-6.50081554793194,-8.31690563883901,-3.44752756700595,1.74209200226284
21/09/27,0.96771846020715,-7.68491688215576,5.49439535379262,-3.96796008502162
01/10/27,2.33059144583595,1.89277354042644,3.8622218245896,-1.93697135001771
11/10/27,-1.79967688956919,4.33526719657368,7.93677611316085,-1.0806777879591
21/10/27,1.52036275792408,-2.15517975603818,-2.40537761636052,4.33296298210681
31/10/27,-7.73475018661813,-4.05796291381247,4.86347543405918,-4.81114613506481
10/11/27,-6.68517081553899,-0.275790773098657,0.317631320189814,1.48573313897098
20/11/27,-0.055476648802639,1.91330763011473,0.179987961006354,-3.02751296812365
30/11/27,2.71625850242135,2.63201566129028,-0.970637958685232,-2.13812523351686
10/12/27,-0.866844308596424,-4.97628348324783,-1.46899413663914,11.6786143799581
20/12/27,-1.80782594996746,0.434604099342631,-3.07858920931672,3.9441685942919
30/12/27,2.28733089159137,3.00062164281758,-3.22838419359211,-0.373882814872294
09/01/28,0.154564672588505,0.856891120595803,-3.48332838817946,0.576249067688951
19/01/28,-3.69018215827361,-3.9073182976926,3.38405407034537,-1.17838213900073
29/01/28,-4.54808978388526,2.6636611927992,-0.282429251686264,-5.71335823925826
08/02/28,2.76393265889454,1.25392414773533,-1.10323740909865,-0.57423612792078
18/02/28,2.05407614149928,-0.580441046306092,-5.85843421168178,6.42823002450778
28/02/28,3.24103372527991,1.10653381703486,0.047592979853407,-4.34253556082277
09/03/28,6.99682890521335,-0.648353745325897,0.152703724882582,-1.52886247182277
19/03/28,2.65798161382404,2.60706255499967,0.015378727268786,1.46188592132231
29/03/28,1.44049722950341,-3.18388851981588,-6.09938881169124,5.18254415489768
08/04/28,-0.726085349892802,-6.94570572792233,-0.025744043205745,-0.317338443026813
18/04/28,2.64574242165568,-0.732257925063554,-1.14646973698985,1.29064528150015
28/04/28,-1.457534019997,5.5840172694248,-3.62838803616003,-2.72016233822027
08/05/28,2.28171916238997,-2.11113012983602,0.633983496381921,-1.44030959888728
18/05/28,-14.2625172598559,-0.750397652795005,-2.34481968401396,-4.15202622149517
28/05/28,1.85420364334057,0.104440631703509,-6.30878076062565,-4.71512235745875
07/06/28,0.469514699184554,4.17126512920214,5.9619613662638,-0.540552537098236
17/06/28,-2.6661670127032,3.99001647845712,-5.89398527674097,1.37665179887839
27/06/28,2.11230888107399,3.12235412731778,5.26280452024797,1.91020427583768
07/07/28,0.421628894343664,3.55128679282631,-0.200353230002985,-0.407782072074421
17/07/28,-0.770449743865223,0.79966741517514,-0.199472731115042,-0.87252866970503
27/07/28,-6.11215843768576,-1.65224890770179,1.98430758879006,1.09942621150687
06/08/28,-0.187957221000484,1.77248775284627,-2.17708377375295,4.67793570082619
16/08/28,3.26338750358902,4.26779665524239,9.17363401883499,-3.20194526298635
26/08/28,-3.08565006047024,3.18716959451922,1.36084390797755,4.27956149558911
05/09/28,3.8840866747516,0.037026873186873,5.32831945390636,-7.95744365186802
15/09/28,-6.0466659232286,-2.66680738459631,1.45756775478507,2.71687225641328
25/09/28,1.91216445809126,4.8290956088512,-0.134562948713792,7.98248797456201
05/10/28,1.0333072621177,-3.05330460364383,1.11521260250548,-1.75672354508411
15/10/28,2.95096476653705,1.35391974905068,-1.95947127521913,4.02542888777147
25/10/28,4.41834007572359,3.46121250729409,-3.64539617376927,-1.96933178068086
04/11/28,2.00485074424383,1.68990675302737,-1.09443208769783,0.180928184100628
14/11/28,-1.76137778230126,-0.035259910953291,1.96179848571162,0.843547318950102
24/11/28,2.46023600043051,0.321099821113663,-2.6137941001247,-2.70601425170231
04/12/28,-4.70764224140613,-1.9589761649175,2.33170213261235,-0.329562873864928
14/12/28,-5.5130477207276,8.49173959603742,-11.8510091810596,-1.79156227043559
24/12/28,2.36607043408396,2.54969661203114,0.848245718582995,2.81046535196591
03/01/29,-1.56351756764743,-0.494905076068193,-1.1566341444618,-0.361845884759203
13/01/29,-9.60229014084928,3.02802912222581,7.81479525656118,-1.34758417797616
23/01/29,-0.272777344060985,-2.31142733004854,-1.73476335806406,0.609958820949308
02/02/29,5.56386723844985,4.46745486456769,5.64721439705037,5.60028028090454
12/02/29,-0.657626553084311,-3.13567367725826,-5.24940826819173,1.87669079249938
22/02/29,6.76714528774783,-7.7551677169652,-2.66835458954725,2.03383833995491
04/03/29,0.314735264574673,3.87169442994418,-2.36247037619992,-0.370637217769154
14/03/29,1.54042314368837,-1.5838338560511,0.955608281639532,4.16005189992851
24/03/29,-1.02150738967351,-5.14585640966689,2.09376857382045,5.23226461611211
03/04/29,-4.19508311742735,-12.0097806292074,-2.27442236889259,6.0863290020866
13/04/29,-1.01590291119889,-4.65201219222295,-5.03011861960614,-0.785869313392394
23/04/29,3.96502302610091,1.39344260082456,1.78516647630756,-3.08937357869255
03/05/29,-2.40249019811812,3.55201055077056,-4.55025621714673,2.40983439084289
13/05/29,-3.45809842255497,3.27943110048544,2.59773427213267,0.292583666945216
23/05/29,-5.29561495328231,1.39223319220738,-1.45150369428568,-4.01972927679884
02/06/29,2.77451996256137,-1.67633006376898,-0.950606858055546,-0.342686070562838
12/06/29,-1.03553203754526,-0.602413326402946,-3.11455761478887,-3.00224774376677
22/06/29,-8.30960492232355,-1.61326647538852,0.543663776364991,3.2651287565485
02/07/29,0.519577147129389,9.56318740964817,0.223896965363116,0.907251084022204
12/07/29,0.503976639947025,-1.97210685219122,-0.103723524968276,2.83423464474205
22/07/29,-0.145663953258946,-3.66436516472179,1.07569583300984,-3.59306136960832
01/08/29,-0.896768649534437,-0.971022039738497,1.77977250360717,0.667378933681797
11/08/29,-2.07926725588263,2.14974360049806,-0.990430781364435,-2.24444930554892
21/08/29,0.330430442309091,-1.87582947274741,-0.664913001315961,-4.68752394474413
31/08/29,-0.747704488955022,1.65822880889788,0.980423165121962,-2.37410402297507
10/09/29,5.48077374248797,2.95765463860659,-0.629878717461425,2.15026398345674
20/09/29,-4.43823706750325,4.88702891011191,-2.53773296272563,-1.65098224943638
30/09/29,1.08745314199224,-2.60599412321725,1.98297670855739,1.06519314282073
10/10/29,-0.780643914962663,-3.81704835088695,6.22460680535331,-0.328191092756176
20/10/29,-4.22034337682674,1.01852751606605,3.75694577895718,-0.030412807026512
30/10/29,0.843009846919272,-1.42180268556956,-2.99472907939582,3.54176630774753
09/11/29,-1.24992496677536,-5.73106460894212,1.56943510330711,3.97788227259357
19/11/29,2.78722711335163,3.62225300906131,2.86889667357125,2.1496383104005
29/11/29,-2.89045611890866,7.40816306661034,-4.33746360292711,-3.24609525908043
09/12/29,1.78797323407139,0.834184127318434,9.67193706579049,0.261958374755036
19/12/29,4.58735852344431,-8.18904028867485,0.4064969813701,-3.80645156489488
29/12/29,1.40715644791891,0.697988592411368,5.0906519443048,7.28532854082228
08/01/30,1.92523167133577,2.23721861948075,-0.494899965331909,6.5454765134357
18/01/30,2.94749917852311,-0.320851138841357,-1.72581109264907,-2.44740649609626
28/01/30,-2.51894856351787,-0.16743343924809,-9.96901598580335,6.31287895094048
07/02/30,1.02732451856332,3.7812448378257,-4.17980174014845,-3.35192788020791
17/02/30,5.93122546844306,-8.16509130044723,-0.435448897896611,3.09149497806959
27/02/30,-1.68724141701084,1.0691961652874,1.76519320594101,4.13585811585854
09/03/30,-1.84649347063057,1.89783156783322,-6.75871285828413,3.62663320875552
19/03/30,-0.884402253206398,2.73019577581527,0.9406785790201,5.40893713127947
29/03/30,2.35346929938477,-0.248778272263889,-1.28316181132488,-3.72240480393861
08/04/30,-2.2083613721381,-3.25163774582182,-2.36893691525949,0.891666503397249
18/04/30,0.738842813709725,0.267139202876523,3.08366840098039,0.344637834143127
28/04/30,0.953002940214174,8.7406341134497,-1.62835634445197,-2.96259901858257
08/05/30,-0.838528424490151,0.798674047437048,-0.085647907691052,-1.52573259516141
18/05/30,-1.75542938511627,-7.74148023006587,-1.24817188190349,0.702299997228917
28/05/30,1.79502947746755,-3.48646221584669,4.0707904468923,6.78582050107148
07/06/30,-3.07914317578239,-2.01195711228744,-0.649304006904748,3.80907372593157
17/06/30,-1.12836161495642,0.81739739259629,-2.77653421604342,-0.400853164437583
27/06/30,-6.57674237726441,1.36442082450243,-0.496200493171068,5.12458252528679
07/07/30,0.544328760027039,-0.581494913339427,-4.29040940063696,-0.066867596948136
17/07/30,-5.24903084310161,-2.70980768068094,2.51954364785044,4.77021739589653
27/07/30,3.72912540858153,-5.40447625624355,0.647269819640701,0.843732438359869
06/08/30,-3.8513771232709,-0.62094691587514,1.1684987744801,0.640821769899745
16/08/30,-0.362272377021951,-1.31882434740489,-1.66325856973309,-4.45937217986761
26/08/30,-2.3386324486103,-2.12067097787695,0.585724654470475,1.63137569493019
05/09/30,-7.63154593450805,-0.400298855356137,-0.444472950956835,-1.76926432249768
15/09/30,3.76258233734627,0.924604901689337,1.1364174421488,7.24265922287393
25/09/30,0.677614685758576,-0.144707595166355,-1.58342820789352,0.671852122779078
05/10/30,-0.659456150313562,-0.944435996670729,-0.768039962897479,-0.253473068822985
15/10/30,3.08143984219181,-1.50369749110076,6.87263440507387,1.06929667255079
25/10/30,-1.32110302441462,1.15784173274018,-1.52896718182424,1.24607612640557
04/11/30,2.5005803935738,-0.701986339664671,2.97616150826127,8.52844840777025
14/11/30,-2.11845708135617,-3.32645623334526,1.21974234318066,-0.285946414123976
24/11/30,-3.23097987494592,-2.0297881348938,3.73793673836425,0.705081690156565
04/12/30,0.347626678776552,-1.56597174807142,-1.08453697572277,-1.09805998808234
14/12/30,3.82806309570266,0.897658431773843,2.80926408440749,4.74158737449317
24/12/30,1.43464584828103,3.02603901694458,0.912773199791699,-0.271235126756168
03/01/31,-1.94333082043804,-0.416115602281596,4.85110709925163,-1.59957205912951
13/01/31,-5.48546546171853,-2.58408497328223,-5.11282431449307,5.56100691245788
23/01/31,-0.887770318189664,6.37093680824911,1.27805314692684,-0.127202638331595
02/02/31,-0.029106125242129,0.950744855186994,-1.19598034133617,3.27784540998648
12/02/31,-0.530282112879261,1.17341209156133,0.551412637571995,-5.8103183988239
22/02/31,-2.58056303940495,-1.56338254421174,3.90541101849195,-2.96997077937094
04/03/31,-0.023363593116297,-1.34707817096863,-1.69333650859689,3.88844711632204
14/03/31,-3.46429043859005,2.97667972563605,-0.983283800970222,-1.81378507140876
24/03/31,2.77794585197934,1.55627678503667,-0.051804890588658,-2.78094807998476
03/04/31,6.30381090546979,1.8982349195277,3.60815995574239,-6.18577766479127
13/04/31,-1.84797115870042,1.23378361101401,-1.03005839559308,-3.57368922238222
23/04/31,-0.227745341411067,5.31986483039348,-0.322277657240796,-4.71966314396183
03/05/31,-0.046273760309236,1.14652936954415,0.901741281625431,-1.08128076152426
13/05/31,-2.44267580260805,2.59129838873674,0.106583067203565,1.17671977782472
23/05/31,6.0420470875429,-1.55075719448244,0.416448618913494,-1.16670319774751
02/06/31,2.38463202127783,0.093441239766005,3.78544424614522,-3.55802901043059
12/06/31,0.716092578407671,-0.761097551816185,3.80818314535359,-0.424412140891604
22/06/31,-2.62541639075966,5.55079988417932,7.58996865162099,-0.018611642112582
02/07/31,5.33398010260427,3.08194382219601,0.357074746043058,-2.88312461329453
12/07/31,6.60214049953129,12.2864530555305,-3.54531406812269,2.06034695338152
22/07/31,-1.98232892327411,0.329162254201996,2.49656837739798,-2.90704634993349
01/08/31,-10.695751542818,4.79153353814114,-1.20576576757534,4.05757576415
11/08/31,-0.918827349427732,-5.06894048274097,1.19492283839123,-3.16858228237359
21/08/31,5.18306684389039,-0.441225723108601,-7.21790191080559,-5.99740794729002
31/08/31,-6.26158211998897,0.673331898356905,-2.38754170101664,4.15808088311506
10/09/31,-1.58059966934984,-1.64035586601212,-6.76039933769408,-2.69107042843006
20/09/31,4.52085741639418,0.977178314465882,-0.492797542261777,-1.34973170031369
30/09/31,-1.34041415004794,-2.58594508269391,-1.49652791800709,-1.7913415164656
10/10/31,1.25695457274724,0.21646454431426,-6.91924511396362,1.68358406907478
20/10/31,0.609406844195119,-0.540838893175268,3.60854434786442,4.96874923437519
30/10/31,2.0743269156667,2.40662097138962,-3.9789918237992,1.40951117680812
09/11/31,-2.0152231641683,-4.67194213160277,1.01433675453941,-5.06728472896748
19/11/31,8.44726572674914,8.33412859151489,-2.08302197426653,-1.30376059317523
29/11/31,-4.66554451505879,-3.25844695262426,0.245334542427765,4.29534954117857
09/12/31,2.91318591330874,2.24285819344847,-2.70998611166614,-6.89878176251477
19/12/31,0.662417462699254,4.24110268617877,0.474535319033733,-9.12256432223401
29/12/31,-2.39159206374007,-2.5218119989932,-3.95141197207415,-10.5678909283089
08/01/32,-1.97304080804025,5.3798859466638,0.197422099592231,0.590726112734875
18/01/32,3.1012958826193,-1.86371419916732,3.79998137860995,-6.29737170060991
28/01/32,-3.35794199925394,-1.23179343255082,0.476005323249208,6.19642332326513
07/02/32,-4.58969247018708,-0.859445761107933,5.1493611318535,-5.42329388759526
17/02/32,-2.2856630213764,1.60893279354675,0.820869542479297,-3.70665989434896
27/02/32,4.33885657299614,-1.81183901526303,1.82860699105028,2.16763381822242
08/03/32,3.58329206727882,10.1724996886915,-0.27586056989245,-0.111493629404835
18/03/32,0.448118698156932,-0.253756710869397,-0.016679699885598,3.07741301845114
28/03/32,-2.15086032657457,-4.14739679466409,-0.270821230982936,-1.97623767904435
07/04/32,-0.263056517449968,0.103451691027304,1.98991337536214,0.366847126838416
17/04/32,0.299748966886843,-3.74186114614013,7.160855556945,-2.60269551718508
27/04/32,-2.33228592684701,-2.29618587837572,-1.02337185382503,2.11854379108333
07/05/32,-6.67954041009489,-1.49576114609597,1.52242303486221,2.05948834506159
17/05/32,-1.46631262865045,0.550625207968582,1.5136644258037,-0.442905143473447
27/05/32,-4.84278482129286,-0.137478572390646,7.28323338785565,1.59823841407824
06/06/32,0.978308712324856,2.58479394530648,-1.10387463010108,7.30193733854977
16/06/32,3.98278982920545,-0.617050802185479,0.089491141446179,-2.09110415567204
26/06/32,-0.072670814923521,-0.729624584978124,2.21276206615969,2.45635520011522
06/07/32,-1.14007312874549,-2.93013882866602,-1.39514659327236,0.309757195560632
16/07/32,0.26390470746463,0.028054211590065,-2.76825408933171,-4.60413628874616
26/07/32,0.245041033385139,-5.30900022508408,-1.04456394474003,2.43099679609596
05/08/32,-5.04106780967677,-3.01021261265877,-0.734780086722339,1.22791306575386
15/08/32,-0.273897759943501,-1.85962183223961,-2.71127210752225,-0.447716103534477
25/08/32,7.47504074362287,-0.525907621632954,2.83471448989439,5.42178705552808
04/09/32,-4.72586209533409,3.05241459831319,-1.71993055316886,6.17977289445873
14/09/32,-1.27617911575549,-2.83087975039131,0.95420901874283,0.716298820033975
24/09/32,0.75893036490026,0.167342586512472,1.30909932416355,-2.75794805140891
04/10/32,0.452990119582311,-4.67547799854117,-1.1630493047876,-2.21713272482648
14/10/32,4.63977003024026,-1.69903762091065,-0.298392979050668,5.94812167951024
24/10/32,1.2244085778784,-1.59202565251981,-2.27656818184654,-2.19283992195948
03/11/32,1.95078516284192,-2.96415753964847,7.1367427774323,-0.403536919821335
13/11/32,9.21501589946061,0.352044591516489,7.67823119611075,4.73127377783834
23/11/32,5.71520592479136,-2.4034069085065,-6.93690469722608,-4.68378041181268
03/12/32,-0.458430628404591,4.85330970676032,-0.549822170490141,-6.16774233406184
13/12/32,-0.347197809830699,8.61310110517585,-2.63996257218523,1.65323813135867
23/12/32,7.01023850644949,1.19953613399406,-1.55438155005612,6.46763789851387
02/01/33,7.86555210362324,-0.822050457238523,3.26731915885182,-2.82164718841366
12/01/33,-6.7697313005361,0.597020304453536,2.34963863498959,-9.54823791236559
22/01/33,0.571163720693958,-1.30279394885399,-1.9531703718147,-0.600445568693567
01/02/33,2.56179919116676,3.14566241844045,4.58549514858087,-2.60272047679449
11/02/33,-0.514300913336451,-7.074835537595,-9.86469457958498,-4.53177362997946
21/02/33,-8.91369932300883,2.68033183475858,-0.663579104007178,-0.710996372646874
03/03/33,-0.654268571795963,-1.76258113646043,-1.8704077675502,0.147408431401038
13/03/33,7.5689640516698,-0.766784428190287,-2.88312718202391,1.32217364852534
23/03/33,5.54104221662002,3.21143107913442,5.55955442866821,-2.69330029000679
02/04/33,4.58800357412577,4.78186645298219,1.36986723954709,-0.065919350794689
12/04/33,-0.311952805389891,3.7216724906636,5.55069474598748,-2.02486264596282
22/04/33,-1.24903077226961,-2.92068667293191,-2.23131795123955,-11.8413444885337
02/05/33,3.36006531499048,-5.43804075229127,-4.36893011962579,-4.80478055525605
12/05/33,2.39276949720235,7.80461510687783,-1.30737624332144,4.25501388781757
22/05/33,7.94926368522137,-0.981840649549214,-0.254632662271457,-1.77266193095027
01/06/33,2.75901084346131,2.39296368328227,-0.144765006483789,2.88959090941869
11/06/33,-2.5923087340544,4.66647110298972,5.09780215841397,6.24018220661763
21/06/33,1.12585550300221,-4.71031659065047,0.056703517356314,3.73203013561528
01/07/33,4.36629323218054,-3.64947855111962,3.63484253436914,-4.95632251558951
11/07/33,-0.062628782838729,-6.2526082635524,-1.65074790263654,-3.92148015039784
21/07/33,0.083239283857615,-2.64960570314256,5.63320351051195,-0.381455233063367
31/07/33,-4.9755435269032,-1.43718234653527,-0.038215653080282,-3.55855677944075
10/08/33,-0.963298101535976,1.42430835223485,-1.04088157984331,2.55543950914892
20/08/33,1.4870425401398,-0.603373874253432,5.50700307940385,-0.548821517820647
30/08/33,-2.63957422958463,-2.86089054300148,-4.08099350643271,4.96565927457347
09/09/33,2.03949198437397,0.197490988668545,1.74062853030294,0.991458537602685
19/09/33,-1.45709073466139,0.17214948112696,-5.13740598231827,-0.207714254799523
29/09/33,2.72003488917364,1.99026022199323,5.02517589635565,1.43717017318384
09/10/33,2.28217994429473,-4.88146626911345,16.0511638973642,-9.67100673621404
19/10/33,0.482716233050344,-1.04828333210771,-6.2496634497398,-4.80611231409155
29/10/33,0.345417166954457,-5.15895137619638,-6.5764539155708,1.98316907362179
08/11/33,-1.32828756367428,-0.678566954787375,3.63725565050602,-2.10114549206145
18/11/33,-8.75470541121063,0.657184186636255,1.62679364103572,4.67713143863692
28/11/33,-2.52235208721355,5.25003787829196,0.41751424278378,-2.89674311781184
08/12/33,-0.008238357442553,-1.17336032270403,-0.114429202876998,-0.2308678332083
18/12/33,5.87557784558106,3.51146281348726,-0.558051632869262,-0.362678525855075
28/12/33,2.66591132776363,0.938356680690351,2.82009925189095,-0.160472107356703
07/01/34,1.171855203005,2.65341942071287,0.024460322362272,-5.88665541054472
17/01/34,-1.17724477878486,8.11888899819707,4.98906438909816,2.40787316952308
27/01/34,4.42657731388691,-3.19730279544298,4.60272554270185,0.703704214780575
06/02/34,0.654640189745475,-3.56771970603849,4.77924841580529,-1.53622498132757
16/02/34,0.721648695162501,-1.57210400842545,1.91104732527067,-2.92206427131501
26/02/34,-5.60171715607707,1.02038515653588,-0.762155383564177,12.0230783186974
08/03/34,0.987757018239204,2.79905724093577,2.82307367675387,0.108208175037398
18/03/34,-0.322869367576358,-2.04694428695629,-1.58260903116656,2.78583003934257
28/03/34,0.509195345818661,-1.28171308035165,-0.17559299510728,0.06910242146126
07/04/34,3.72050174849089,1.13231851072015,0.572964376659063,-3.10388322064171
17/04/34,2.65309989282729,0.761983614665746,-0.628605733170011,2.20919621791461
27/04/34,3.04350364169778,-0.001857644098911,-2.26054305390331,-10.0611316946896
07/05/34,0.652075403842197,-1.81064251956383,0.103344510770084,-0.662217922685515
17/05/34,1.68100429475212,2.70145902573902,1.44232520407109,-4.33985213950748
27/05/34,-3.59988846538996,3.87798966599505,-0.502601961560102,0.956060408735714
06/06/34,8.40010567206043,5.77372792359955,-2.30434679147806,-1.83275756687684
16/06/34,3.44628921527525,4.84703321640611,2.31868032064333,-0.251554199595198
26/06/34,-2.58110373644983,0.749921389618892,-3.54612198175725,-0.630645613984906
06/07/34,-0.756462566267661,1.69649713468366,0.023805070063568,0.082333982221931
16/07/34,-0.486146835148811,-2.62113817327121,-1.34090968269446,6.07588569021324
26/07/34,0.413787634053012,-6.76350898385312,0.578176757481543,-3.46820000789309
05/08/34,1.33175811812115,-4.03907882563599,0.062935495750696,-2.03805927397863
15/08/34,-1.16312165615277,-1.33793936153936,-3.65157014804362,-2.35239217007295
25/08/34,-3.6807647785679,1.24462065919523,0.081924508497942,-4.20951967469722
04/09/34,8.00045250334671,-4.73981157960062,-3.47184426083722,-4.64375767802347
14/09/34,6.18517322752812,-2.18971558744342,3.38944169784876,0.061709958425112
24/09/34,1.54225066405031,-0.052204932912211,-3.10076096598477,2.85601082123048
04/10/34,-1.715398862521,-0.481477483378689,3.63103384073534,2.30639857322553
14/10/34,1.46290477300427,1.3179025968868,4.27930974512695,6.86168698440413
24/10/34,-0.564809935385746,-1.8897435603368,1.99522821829766,2.10940068212687
03/11/34,2.46421135881006,-4.15879338467112,-1.93919265625213,0.900301860758546
13/11/34,0.744465904018803,0.289693007688882,2.94666578111592,-4.87380132438499
23/11/34,4.30044799811884,-2.89633780995281,-3.42942408229999,1.17644372952659
03/12/34,1.13082353666016,-0.892852571024326,-3.91399332275672,2.72759694061736
13/12/34,-1.95273318505936,3.40509810185114,1.111689556801,-1.99670071982928
23/12/34,0.81667076981806,0.683756169355424,-2.14294684500986,-1.16320210800281
02/01/35,7.09800324015525,-1.29691513180472,-1.42596196633774,6.63976697604743
12/01/35,1.09001601665842,-0.694357132421047,-3.1695118520114,-6.66561681467108
22/01/35,-0.459138104366771,1.14740215598842,-0.600740589925494,-0.261432248264563
01/02/35,-1.67807633594193,3.6198724181566,-2.20873488872145,0.466395214592036
11/02/35,0.780431392798103,3.63631366215687,-4.06993967075908,-4.90413914405569
21/02/35,4.27891045027094,-0.870342755400722,6.60789881266293,-4.59485300603072
03/03/35,-0.767694696000189,-7.54928448924954,-3.74338194808694,0.749877178933654
13/03/35,-1.88522764460979,0.285050544896107,-1.39084764339302,-1.21221863173962
23/03/35,-4.28473049786476,-0.702962741624657,-0.396326014078178,2.61750781844521
02/04/35,-5.23970273703997,-0.121782642891465,0.787782125151808,-0.310526343062208
12/04/35,4.00068921453197,2.96877613492449,-7.32465244720442,-3.83928408652963
22/04/35,0.655418677036901,3.69307005628754,0.541001393615748,-6.81411663326786
02/05/35,-2.60109876988807,-2.91809116977002,-1.54205692583705,0.636306226829374
12/05/35,-2.90323521847919,-0.107141656002715,-1.99473435406911,0.943766117088222
22/05/35,-0.447343395865764,5.98727511987043,-2.89667775711393,-0.955990702345461
01/06/35,-2.57280873720474,-3.46828365239806,-1.43792322490385,0.041476727697275
11/06/35,7.58366397070905,-0.98085163749494,-1.39250340610543,-1.42816523722062
21/06/35,2.25773072253,-4.22385144893107,-6.45553145501302,-1.36008782918896
01/07/35,-0.512164695913547,-4.51150484317236,5.3173862453122,0.391684964868188
11/07/35,-2.22687720482202,-1.9611661440683,-1.81579839700235,3.17229521154483
21/07/35,4.07652296630321,-1.40779014870018,2.87569094786631,6.11183509626239
31/07/35,1.0479187249767,2.74656531985505,2.79254165308125,0.371866737781756
10/08/35,-2.46630218324182,-3.83014829610268,2.78904851577841,3.6026199185821
20/08/35,-6.65376034185043,-0.774638210714142,-2.9868643939823,0.291113646061204
30/08/35,0.313089102927937,-3.85249226361172,1.79325636087439,-5.79166840657309
09/09/35,-2.43900735623685,-3.5836986413217,2.2356117941925,0.960870057963802
19/09/35,-3.31267120876397,-2.62732079154831,-0.881487900127771,12.7865882363083
29/09/35,-3.3819300668121,3.29732273676911,1.80458993674808,1.53445855614988
09/10/35,-2.09653651610402,-1.0659585374394,0.17613786667785,-2.67778837905653
19/10/35,-1.53487115353339,-0.683088006476833,1.49303327223618,1.9514657004774
29/10/35,3.24287806586194,-7.19045222704595,-4.41012374578193,-7.41878386770484
08/11/35,-1.36519660180746,-1.15453755051422,-1.35607917972303,5.57816759279756
18/11/35,-2.19663896916637,3.61450840108716,1.89022279484009,1.29189699281454
28/11/35,1.29187005842021,-0.436506111967623,3.49820665471815,-0.540034274974459
08/12/35,0.878809632251669,1.45442444608386,-3.8754276120465,-4.70262825961428
18/12/35,-1.12053266683623,-1.38684791012058,-0.923334009504523,-7.8014204353959
28/12/35,-0.586632917740225,0.420261602905383,-3.2587902895683,-9.28168266578865
07/01/36,-3.73513646710211,-2.8891022474832,2.06830540028958,5.48152406395126
17/01/36,-2.75673118125796,0.274393831914731,0.019486799676181,9.36052980808694
27/01/36,-0.954426631169861,-0.245502697013633,0.235640369883258,-0.573942715546951
06/02/36,2.64824216728752,3.85194228327406,3.77831925390956,1.19802499090302
16/02/36,2.55985643975047,3.53431986147482,4.31310425819116,1.06039115773605
26/02/36,-4.90883969187111,4.58750570872736,3.04261519896226,-0.517280509899398
07/03/36,4.20538237663088,6.21138808894591,-1.00220160918734,2.71998546028897
17/03/36,2.53277869746043,-3.79818639153981,2.10155454670522,1.94192474661566
27/03/36,4.45843373016956,-2.59029947149046,-1.8105145376776,-0.27464021451095
06/04/36,-1.81125595777972,1.30165584471732,-2.32292614745828,-1.99632145887997
16/04/36,-3.39725755316561,2.32929229259204,2.79742238871589,3.7899589023936
26/04/36,2.43121633786465,3.20669303985624,1.33140062940538,-0.198991875985297
06/05/36,-0.967412482024169,-0.343394192122595,0.315368922820909,-1.79961896016117
16/05/36,-3.28774533450734,2.86612038550188,0.602868519415031,-2.76928870530622
26/05/36,-2.68495243056888,0.630420958205283,-3.15210490163226,0.722784477457125
05/06/36,1.68481533313853,0.110633816865139,5.84636805555751,-1.14549480633943
15/06/36,-4.44685806414848,-3.34755911039548,-0.628068618263651,-1.15280743766893
25/06/36,-2.81169983718832,6.39040795598363,0.516082130376472,2.22063188954075
05/07/36,1.63217145102493,0.005686452476108,0.040129040082152,2.15901190976863
15/07/36,0.944712344418861,-7.18285221959862,-4.9276412550197,2.85188676854741
25/07/36,1.44503689663792,3.05857513010868,0.488192004967241,4.08977900106781
04/08/36,-2.22233671545799,2.21670673555199,-7.55868943646875,-0.979203632685106
14/08/36,0.079480851208566,4.03728616689364,-5.02638175571242,-1.84225534855031
24/08/36,2.10322485653939,-9.30229963162692,6.05097295810134,-9.25273728017027
03/09/36,1.42451888425358,-4.97835582261878,0.311571461281628,1.27584028456907
13/09/36,2.00075299192578,-2.87402319144904,3.0429183530942,10.7844008470809
23/09/36,1.77181195904402,4.19987099221371,-0.682995786590778,-2.40573080558394
03/10/36,0.663121091373789,-0.103581524984231,-0.438767625844767,0.055443961779587
13/10/36,1.37895285674611,-4.13239911825814,3.64149649474732,1.57991357545187
23/10/36,-1.56464860863732,-5.18475691274287,4.34815053251304,1.95873803521685
02/11/36,1.26539675041697,0.806180102511734,3.47959427072804,-1.17923564357277
12/11/36,-0.724401481170926,-6.73205328435872,-1.87946952222529,0.944425270983637
22/11/36,0.655774308385353,-3.28187577326644,-1.51905809341955,0.104699287589505
02/12/36,3.96136514447701,0.460014514517543,0.12234099791899,-2.62146955643359
12/12/36,0.396027940845258,4.58293419949498,8.02585141397539,1.06018789060629
22/12/36,-3.51846104243067,-0.454662549341362,-0.770135771908513,-1.93569287982998
01/01/37,-3.80596578211946,-5.89988061110299,-6.62137772908031,5.72031005626963
11/01/37,-0.437818019993408,-4.01262464648458,-0.816150897564737,-7.7721055313713
21/01/37,-2.70171865645041,-3.73136849986503,0.262903858690447,-0.392112605607676
31/01/37,-0.914008993137168,0.433175950919881,0.246004872758692,-0.314142464669272
10/02/37,-5.04258597181938,6.95560229689542,-0.83388685688345,-6.01148360014388
20/02/37,1.80886014169305,3.6486212371891,3.69128932143097,10.0805452758393
02/03/37,-2.43967320815691,-1.93867887363895,3.43418163583174,-3.61896487270363
12/03/37,4.36158492153482,0.494782980064331,-10.6403281388587,10.0030951751715
22/03/37,0.437922593397696,1.30960711748261,-0.543415079242843,-0.680373651703914
01/04/37,-0.271502661638208,1.99477326407409,-2.75449322748677,-4.21839299927706
11/04/37,-0.726013560744987,2.41999859038778,6.35549157880038,8.46187215503006
21/04/37,-2.55708172450294,-6.39473456702222,-6.11391672966676,-0.809328645772826
01/05/37,-3.26600480864663,1.6099023589546,-0.026582336397334,-6.91377163482686
11/05/37,-2.45058359327226,-1.46231233837321,1.68007915592671,-0.605962264277794
21/05/37,-0.928069091114725,1.44466436884001,-2.10029078173028,7.22807345588573
31/05/37,-4.64096002551098,2.07723099930756,7.42361874160105,-3.33329357511243
10/06/37,-0.301202855255565,0.343508775258355,2.60335056275383,-2.87828116320059
20/06/37,-0.682008760379547,1.71981756367,0.575292345270691,1.74447102094997
30/06/37,-9.57398048314069,2.81212785779211,-2.16236562616283,-0.023195450884788
10/07/37,1.00146435807274,4.25546830273945,5.28494088698105,-4.62968181215414
20/07/37,3.85901522837351,2.662030998338,4.29015618980625,-1.89936115601218
30/07/37,1.40761039161334,-10.586391741967,1.50454376702809,-1.94811726762572
09/08/37,-0.644948718724014,1.46518285377759,0.089772575238965,-1.2058039640376
19/08/37,1.32339128912034,-0.662690018985903,-5.4823538881811,-1.27015068722029
29/08/37,1.35048501564249,0.645966444688287,-3.00332552166243,-3.91394500611277
08/09/37,-4.50659947183384,0.40292950556323,2.06022602236617,-0.311441010572591
18/09/37,3.07300197884259,1.30894971126349,-3.49059931045987,-5.4621154367588
28/09/37,7.6223820089249,1.82434625068189,4.57564871476204,3.13886782908952
08/10/37,-1.10570030311514,4.51547345213474,1.38368034483325,-0.867255663114491
18/10/37,5.61393711448228,3.50696249363017,-10.9281064556466,-0.189595504957402
28/10/37,-1.81594552788776,-6.1824904088836,-1.60992662451472,9.87257593709439
07/11/37,2.43900283287381,0.65229025913382,1.31082299621435,-2.52825473700317
17/11/37,5.02876466825113,5.85975122329369,-4.76895601131122,-3.29180847146035
27/11/37,-4.70381962292335,2.21014494696946,0.170023308552866,-1.8768047093295
07/12/37,0.238142541372098,-0.077705424610807,0.758595430072655,-2.66513101335099
17/12/37,-5.60309596861143,5.51385024449499,2.19985335681258,3.33347701176692
27/12/37,-9.87631423486623,-2.6503766683535,-2.52768522341211,2.2021922897115
06/01/38,-0.480818353554075,1.74608868243451,0.334880332279845,-0.291746538671149
16/01/38,-2.33359985679272,2.69997729064368,-0.214179152997644,0.706549749962818
26/01/38,2.62643909695457,-7.98286540920604,0.686355798534408,2.62746542836149
05/02/38,-1.86488577064366,-0.105524025534384,-5.66737707189123,-1.19058005433977
15/02/38,-1.88288100225763,-0.801784285201977,-0.449832794364519,3.18320193599739
25/02/38,1.72380989652286,0.783810919285558,-1.14839154793727,-1.99408398048123
07/03/38,-1.37707247511888,1.77861213756733,5.35753446002834,-5.87012171699104
17/03/38,-0.177024892712689,4.38879007790046,-1.40212541213744,-5.17959383229352
27/03/38,2.86025405389312,0.785811935780204,-0.187494236883811,2.79191716398497
06/04/38,-1.2624051483913,8.33569591617154,-3.81673224656388,-0.269209572454265
16/04/38,3.63712346065082,-1.96778830924842,7.37153132096977,-7.2830387934362
26/04/38,6.67864116937327,1.30154805362913,-4.21736970761928,1.59744699304448
06/05/38,5.01663951993918,-0.823309232481482,-4.02781375015817,-4.60160324930483
16/05/38,3.33408523430325,-2.86985388866882,-2.19440424157979,-0.59979856428539
26/05/38,-0.085464686688125,1.58231079457866,-0.279923129466577,3.97142319043604
05/06/38,2.72003609378991,1.69487711998679,-5.70194002359281,-8.03582438631741
15/06/38,0.31099315325253,0.73558127633612,-0.220237220509502,-1.05117180926428
25/06/38,0.825098066336379,3.2611966200497,0.689829541590119,1.84374994837811
05/07/38,0.303611936764863,6.48528292878474,0.365580640888408,-1.26009441425498
15/07/38,-2.95809765471111,0.601627880991356,1.21125267884308,-0.591346968823264
25/07/38,-0.364340364990125,5.67217392182087,-0.749320612590532,-0.464941961923993
04/08/38,-4.74698918255585,1.14528625392892,-0.504249715447132,4.09161128238299
14/08/38,-3.78613084059018,1.22262556677244,1.36209038125739,-3.01410726229251
24/08/38,-5.1852241377262,0.615863150860288,-3.91319148885492,-1.20667955394819
03/09/38,1.56602427939946,0.905559584892866,4.21153370104975,3.36060314257877
13/09/38,-0.820483138841531,4.0012444201925,1.31121790965033,-1.71922541399385
23/09/38,-1.30982461447886,1.56410075247901,5.13109151857123,-5.31383983795681
03/10/38,10.5291319121612,-0.30777821937981,3.30622367857792,2.88874699371169
13/10/38,0.245327109351306,-2.6473920845042,4.5071907080067,3.46109300179022
23/10/38,-2.20315628990833,-8.28529609373897,2.45139203374771,-3.26750187377543
02/11/38,3.4132388359891,-0.109524378749642,-0.251639442918355,-1.29150941386759
12/11/38,-3.35103613873027,1.66788094831484,0.872583510691134,-3.59774735084279
22/11/38,-3.68314099893894,-4.84173556526125,-5.49794295381339,3.82182681412362
02/12/38,-1.39010332897216,-5.04487914755373,-0.335457733260066,-5.76189842699326
12/12/38,1.29023350198932,1.91216768524735,0.319521529787432,-2.91542188244234
22/12/38,-4.0948749388507,-1.94678335317165,-1.77581494877186,-0.570736532200362
01/01/39,1.48970600006751,-10.1238107825832,3.10795572632868,0.528992917933065
11/01/39,1.70717923745817,-6.99840660340628,8.75253504603059,7.80708950443575
21/01/39,-7.31813603628996,-1.49127781550687,-2.69688796344097,5.27493441635494
31/01/39,0.458522737543188,1.89880390989062,4.19490824650897,-1.94135310777506
10/02/39,3.87649729232678,-0.483647509217106,-3.37329385060637,-0.766676815748991
20/02/39,-2.55982615054435,7.48303692839004,0.370066300396128,-0.839518477744112
02/03/39,1.14728859419559,0.804979535114229,-2.28160523542491,-0.850626059878656
12/03/39,-0.10433818301185,-6.76293210343384,-3.34738799545505,2.33761228110628
22/03/39,6.31569699053184,-5.69659322276475,10.0274533667641,-4.14566500206081
01/04/39,1.16044408268894,0.815999061462088,-0.528480799964333,-9.7649410089088
11/04/39,-0.381853266263324,0.839604435074273,-3.55337624890311,-0.560426236682548
21/04/39,2.94463868470934,-0.759012537068947,-0.94628919091783,5.66848547268169
01/05/39,-3.49504741273769,1.32818627441288,3.08327760362636,3.29896243741796
11/05/39,-5.57612053278437,-0.76769371446746,4.3703763278466,4.80523232927346
21/05/39,0.45744960903696,-0.18215540765673,-2.97692761161348,-3.8736500645077
31/05/39,0.86202197658853,3.4162545989047,-4.35693988213646,-5.03343813476078
10/06/39,-3.5338236453775,-1.50433226841259,5.55196858857894,0.446208392501443
20/06/39,-2.54521918441598,3.40181029000001,1.59533129861803,-10.6703826144426
30/06/39,4.26113096228466,-1.19732288685161,3.353624348348,-1.72939266704178
10/07/39,-0.672066828099172,-2.08716860685174,1.84831330585932,7.23697716438251
20/07/39,-0.805311473445569,-1.96656029716109,-3.1403264310492,-0.875501065366942
30/07/39,-0.307291966502085,3.99100651991549,5.1045193134322,-1.12253317073706
09/08/39,2.60180478746602,-0.498507984672501,3.32427029779865,-0.106625992649525
19/08/39,-3.47226947593281,-5.39487158987454,-1.14831010183893,1.49788928326135
29/08/39,0.069368065777522,4.17391359544597,7.37328953165436,0.316486216360273
08/09/39,0.323381102576536,-5.76716334705226,-2.96706962693364,-1.05317699678901
18/09/39,-0.718180337417509,-0.190008631926149,-0.061290432570596,-2.48898863653116
28/09/39,2.80514386496434,2.6234728924541,-0.850682993966255,-3.6721367047814
08/10/39,-1.40454127430808,-0.483513002584308,-0.413143755886163,2.46997705829105
18/10/39,-0.4909383598567,-0.645203099096025,2.34259067861642,-2.88892221853035
28/10/39,1.54068370935545,-4.04290076093221,-0.947222236651289,1.53793203485388
07/11/39,0.028563632415515,-1.57615562541911,-2.38927726883,-6.56724076443448
17/11/39,2.79565775577753,6.30336661470523,0.159476729606612,3.46286097272739
27/11/39,-0.57069060884478,-7.92803353004948,-2.07464485247716,3.6069978391446
07/12/39,-2.66510564892788,-1.38061198847259,3.03882551968529,-0.389569041263081
17/12/39,3.76331554419141,4.98059448403254,3.97926928443839,1.80444042555256
27/12/39,-2.22140096823344,2.76674987538407,-5.20031144847786,3.93217469454447
06/01/40,-1.30127312978434,0.606094271397533,-1.31622064587026,5.16960004887983
16/01/40,-3.25300054452128,0.383527638431918,7.3392572493362,-2.04139217840291
26/01/40,-4.20015827982959,-7.57495836205941,4.07382017767744,2.59381458601055
05/02/40,-1.18249369763741,3.93660048749726,3.35287867296569,0.014007996912386
15/02/40,4.17214604316505,0.220977076880398,-3.62038236322122,4.20912457514779
25/02/40,-5.1653125947408,1.0068656056142,1.71381860501804,-8.5163111100991
06/03/40,-0.833315094737546,2.89680677845271,2.42917263406492,3.47902095529796
16/03/40,-1.56040689358907,2.78451193841652,7.69081224296261,2.65276086709251
26/03/40,-3.19861993476617,1.21571259205824,-1.23602948885122,-0.065021049192481
05/04/40,-2.42059928334131,-5.60781577969357,0.260458229845964,1.91297806911944
15/04/40,-0.453499687237785,-1.5502744712187,0.950911737677759,-10.3678231904287
25/04/40,1.79111270160128,-3.50986351860018,8.51025317403986,-0.135034878862908
05/05/40,1.14841660455916,0.850989080726283,-0.4663185859599,-2.38983640116487
15/05/40,-0.287891251937926,-0.802034408079603,0.003126351217003,0.675981676818024
25/05/40,-0.970934505785749,-4.10092747919165,6.49482576486639,3.21592941156543
04/06/40,-1.73998889589608,-0.953318810121224,-3.73920095174044,1.60828585108049
14/06/40,4.45826834810675,5.49507738268945,2.45818539369385,9.40203123005957
24/06/40,2.16826024797363,1.79825775574084,5.10419700490051,6.82075986112464
04/07/40,-5.3805735234159,4.37567049022089,0.976616356881748,-0.608228119211322
14/07/40,2.52984328176449,-1.88745419526644,-1.42418267291056,-1.13043499270942
24/07/40,-7.46268355844408,2.90878524230032,-3.01764163314683,-5.67265492525047
03/08/40,3.75564576426728,2.23117213952073,9.54583293392694,3.80489014316834
13/08/40,-4.785527513168,-0.164395721964159,2.3158841377064,-2.12486998797372
23/08/40,3.23863400242301,4.10600122966892,2.86108013042502,-0.560520274061117
02/09/40,-0.645038089229481,1.67426899054765,-1.70391420315869,-0.240409985852312
12/09/40,0.82261705802727,1.06787406798324,-4.24184259405443,7.64124265057311
22/09/40,0.538402190177203,0.827362920003328,4.49209223441727,5.74156904246222
02/10/40,-0.97071976897145,-5.69293522440176,-1.3418991614194,-6.26475463420729
12/10/40,-0.588356155476252,-1.62885020399006,-1.41177740767184,-1.43846581412156
22/10/40,-4.04118869507803,-1.96746350413347,2.60450935200935,-0.39685920615423
01/11/40,0.479014293257298,-0.203580889225896,-2.8729022385958,0.549832568395202
11/11/40,-2.88449377405018,-2.69688691687723,5.0825203176103,-3.14183536388577
21/11/40,-0.757681287024266,-0.595416975670091,-3.45409418156278,-1.34783806489741
01/12/40,-0.531200711659943,0.778445286599575,0.992703114154824,2.56056153733392
11/12/40,-1.82395854899154,1.95646481147163,-2.9130600562882,0.980773209639163
21/12/40,0.85729024927247,4.80972165363041,0.213913954638653,-1.4259235365087
31/12/40,-1.58171905442768,-7.76029288339272,-2.18097041063091,5.08207421182126
10/01/41,2.66604529797295,-8.96312071810728,0.498819272441755,-3.14722566450795
20/01/41,-0.035069669358763,1.30551961006135,0.857017625034082,-0.333951340039431
30/01/41,-2.91085532996788,2.64132157794497,1.75164561440021,-9.27431732787553
09/02/41,-0.557906093924443,-2.79660537132982,3.35903082807239,3.63892171801453
19/02/41,-3.32867652369075,1.37840521599673,-2.04821137686263,0.604660668054468
01/03/41,0.149353334791249,2.04116132946155,-5.72659343276231,-1.39711415927801
11/03/41,2.89242494970734,4.81310100941386,2.70500307489096,-4.13501724681185
21/03/41,-3.60856198290922,4.39996066680779,0.942221242966548,3.3192918640949
31/03/41,-1.22504671362211,0.029814732276577,-7.51154879156379,11.0462761659644
10/04/41,9.80101275620499,6.80488289684099,-5.4821774588954,3.35968177789176
20/04/41,13.6489450710789,-2.58521216782587,2.7318167567081,0.486520385707212
30/04/41,1.63715065083579,-4.01209073025177,-2.18575452373046,-10.3854154788644
10/05/41,-1.01667575970663,-3.79487736190195,-4.83263474519004,-4.02949298887322
20/05/41,1.83654131130214,1.83329404265742,-0.227275050432203,1.33483567292289
30/05/41,-0.268361659231431,0.255178371919214,9.81473442446886,-0.17889672616519
09/06/41,-6.88131614205995,1.94501484936803,-2.84683912555196,3.31369642899126
19/06/41,2.5774532405018,-2.3719565738453,0.567254208193178,2.30211622301186
29/06/41,-1.30125685889586,-0.811552349526804,3.1664268447613,-9.09467403801714
09/07/41,0.149269541071992,-0.371753260147922,-6.63089614843125,-2.13570951271654
19/07/41,-1.9176540482699,-0.350164376430485,-1.51643773923886,-0.852812170902458
29/07/41,3.58206485844441,2.7992616706667,1.72232539147984,3.57855227204073
08/08/41,-1.59855787876897,1.19189106076829,-4.86287825264641,5.34950235158987
18/08/41,0.019490884074767,-4.2135984543769,4.44829249833742,-2.00119029512485
28/08/41,0.649334415353962,-4.91195252211971,-14.9398556948089,1.19761717124475
07/09/41,-1.86173677592031,2.18117556149996,-6.21428098399181,-0.527678295635893
17/09/41,-0.096820469351276,2.88697288850705,2.86289690566546,-0.372561738472566
27/09/41,-0.565645418253103,3.90859541920737,-6.33321423530085,0.809397990325308
07/10/41,0.529106463367053,-1.18541681077274,-2.24102719504283,5.15440991260721
17/10/41,2.50195112537868,-3.47240084324442,0.643184097463151,2.75432569813795
27/10/41,4.21617624172594,0.610565579227035,0.885948480601299,6.03265992838628
06/11/41,-0.346448559177681,4.13141297049718,3.88156753464942,1.12907886956431
16/11/41,1.96261438409461,-3.21133854260343,0.651519659090395,-3.46196206790011
26/11/41,2.08642294334306,-5.29045739111,-2.91218697517371,-0.614049452768399
06/12/41,1.47210190725683,-0.611662910678962,1.9830685760143,-5.64989988950908
16/12/41,-4.09485565953234,0.791087003228596,4.52224699185473,0.901321589693097
26/12/41,3.14229823107931,-2.10458446786894,2.43401854537762,-5.81673579417605
05/01/42,-1.33303798312422,-9.85592205391846,-9.46036353720952,-0.699530672931741
15/01/42,0.103083089752491,-0.400360156572854,-1.34699675438908,-3.04124542280312
25/01/42,2.05558099083911,0.498310198119909,0.72906253181595,-2.49783870876074
04/02/42,4.8177132987746,-1.2692014319503,-2.41888075056481,-0.065863464047486
14/02/42,-3.01870931085499,13.8701600470865,-4.25137257219619,0.096309741193074
24/02/42,1.17320929986624,2.79047717910189,7.82611768623328,9.08933013622953
06/03/42,-3.60099698610852,-0.475951438798208,1.86382449719442,0.113256501193203
16/03/42,-1.67173643625482,0.074107317710995,5.83913148091416,3.86153822343611
26/03/42,3.50359203784843,0.313362777017553,-2.15920800294802,-1.98838299670051
05/04/42,1.28133208699227,-2.26603025533872,2.14822239887258,-6.12672953907681
15/04/42,-1.96420734483269,9.3838135199746,-5.78041792030162,3.14106308072696
25/04/42,0.648146698068372,-4.5955620381691,-0.088681509716427,-1.89613700750532
05/05/42,0.011436554298652,4.87628511733497,-1.1069002188259,3.6743113910409
15/05/42,0.581188104646193,-5.51800581043492,1.72930248279427,-5.71964318201537
25/05/42,9.50483050871087,-2.92855885754087,1.53490180053124,10.7583341163136
04/06/42,-6.85503862390044,-5.25927999711557,-0.393719644503784,-2.62533093087835
14/06/42,0.893587823429447,-1.14912814810867,-2.95369715948769,-2.78025606557145
24/06/42,1.31065736043821,0.217303155603696,6.94287180671199,-7.95313533375188
04/07/42,-3.19733967256892,0.332627921664571,-2.44126647459196,-1.12272643658501
14/07/42,4.73183906858811,-3.33049326946246,1.35258929002196,0.876002906120666
24/07/42,-0.762764991959578,4.81383141781945,-1.76581205338306,-2.7416167216526
03/08/42,0.229155371069321,-3.23410804586538,1.6739717946571,2.01180885269549
13/08/42,-6.62569061987696,-1.4259790596069,2.10926597283116,-0.730017463386104
23/08/42,-4.24608028674688,1.97971962869898,-0.334058734146429,1.18798491186562
02/09/42,-2.29574989586695,2.47010148817671,-5.32663459287925,2.98100714037288
12/09/42,-7.11225756394623,-1.85937905114987,-7.52760077929769,2.84486148155098
22/09/42,-1.50458546004213,-4.64766000602236,0.748778869772068,2.32483936581121
02/10/42,-2.11121326509431,0.048207941372842,-0.858016577531326,2.97747731542667
12/10/42,-1.13003038577402,2.87481941269221,-3.51523739934157,-4.32354235949401
22/10/42,-0.626217112968575,2.05608587395012,-4.48832878466404,-0.969249138940646
01/11/42,-2.47421411613555,-8.41114358618219,-4.51159379406574,-2.81320136738163
11/11/42,-2.69066836256643,3.52952551699088,-0.539341341178567,2.7372824159126
21/11/42,-2.59792785498891,1.7205165389178,-1.44037098551911,2.50061080337529
01/12/42,-5.34463475650243,-3.91929302891957,-1.23430474557806,0.729466419699766
11/12/42,0.40933546831784,-0.786974531268833,-0.72149083874168,-6.09123627017306
21/12/42,0.515684286341135,3.71436220642577,-0.464187599473527,-4.63316922753184
31/12/42,-3.51690265654953,-0.698368539228716,1.58856158886612,3.11296246338735
10/01/43,-1.18250329763742,1.14676354038155,-2.46313157005173,2.05226073499265
20/01/43,0.036354125926581,0.723555850635979,-2.05581302929523,2.46357405133211
30/01/43,-0.506610109208959,2.27539691076042,1.65540685370362,-4.06772262058738
09/02/43,-7.46738780612704,1.13801090759333,7.57942010038391,0.85359194307325
19/02/43,3.53421555461224,1.55530019411057,0.182280323715042,0.274655076912807
01/03/43,-6.18949037216303,4.24359119075221,-3.29359996479192,5.61314381897531
11/03/43,3.07643105042991,2.33889950074969,-0.311371980582516,3.38630740689077
21/03/43,0.295682978788398,-5.13125980956576,5.61015357782668,-0.318322952160595
31/03/43,4.28374430332579,-4.884820477729,3.52269899205126,3.24371656091144
10/04/43,-7.78339106079622,3.92440825529124,-4.45318559591499,0.56888837351857
20/04/43,-1.6407487659697,-0.349945289939087,-5.85884419137846,2.01646046783035
30/04/43,-0.781488093721762,-5.02579386580606,-0.457933796175449,3.50838388508077
10/05/43,2.69726297702156,3.41995734073832,-4.82363256803196,-2.16183791762247
20/05/43,1.26585310820248,0.191350511387296,1.68042833379905,-0.698994421477174
30/05/43,4.33998175172259,-2.93042924952053,-8.3623288403003,0.747663052526481
09/06/43,2.08547310671168,1.62067357639227,-0.939417930585974,1.05550707098311
19/06/43,0.487296176327161,-0.514913372184048,0.250271275177769,2.5806638537555
29/06/43,-0.218684257229278,1.30875092180806,-4.1821009469118,2.51798846613585
09/07/43,-2.87280485633195,0.631493134577469,-0.9594977152529,4.06345440601951
19/07/43,5.38319909089654,0.521334353373166,-4.97856842137523,7.57941881702854
29/07/43,-2.04866287362328,-0.731626103147596,-0.959982882623562,3.42518487077755
08/08/43,-2.59369573235197,-0.342267656167474,3.10964755564262,-0.77055265628352
18/08/43,-1.76504870561998,0.017055892947946,1.72557488949566,-1.70546841489765
28/08/43,5.87405981749053,0.035454042873348,0.704354063263538,3.47986467822364
07/09/43,0.015834874808826,3.35840025991329,3.06461818155562,-0.297239588454865
17/09/43,3.28722336157648,7.76178855893561,1.78422612996871,-0.918965210721515
27/09/43,-0.650919941929177,5.4914223135155,-4.14622568342256,0.785608527771631
07/10/43,-0.602829945961455,0.952194610786767,-2.23903951911267,-0.510534502526443
17/10/43,0.259113270837554,-3.00597055699225,1.62277363303614,4.24325003987124
27/10/43,3.97875310968628,2.05573381097652,-0.735383938821871,-2.86551300318686
06/11/43,-0.361801883901377,0.996986690411265,-0.336650730978772,-2.82334499977076
16/11/43,-0.767547464510766,-4.94753208815006,5.49886039358137,-0.816472811609843
26/11/43,-1.26927405157846,-5.26786281106503,0.208680713279822,3.58420377459447
06/12/43,4.49202687212481,-2.90197694462015,-4.80915371201765,2.70431593115976
16/12/43,-1.09233638821762,-2.53422696915149,6.92833549342384,1.64906724321153
26/12/43,-5.56568670174089,-6.46215007972446,0.681350853258787,-3.37912013159433
05/01/44,0.08276298060513,1.11179525225288,3.57558383027731,3.90565242368987
15/01/44,2.77108442868742,-0.719522471810942,-1.8943972612911,-2.58492258833876
25/01/44,-10.0203695664634,-4.51307842972781,-1.51227140266074,-1.94606250373683
04/02/44,-1.15833710738917,-2.54611919491525,4.95296387857986,6.71629038007416
14/02/44,0.443256823692421,3.20916264802431,4.37161426756998,-0.047306257516932
24/02/44,4.0023416334589,1.28564159659193,2.00424837072765,-0.443577409546177
05/03/44,-2.36447232345362,2.69475363057042,2.77667817240842,0.467989160992114
15/03/44,-1.10306147425019,6.88926209726618,3.74910980976559,2.7431944391608
25/03/44,0.478467233750481,3.84776339485525,-1.52440477733719,-2.62773169577914
04/04/44,3.16070400054146,-2.99306189649456,-1.86240360645143,9.73803473743721
14/04/44,-6.5396268036789,-1.705748167221,-2.27621824082516,-1.17537381115411
24/04/44,-0.087096178279913,5.46170352236283,0.709190511452018,-0.28486024919281
04/05/44,-0.733472523869591,0.830773347740282,9.96151790022134,-0.127989936893983
14/05/44,4.17559418489005,2.22406293870856,-4.11521995413061,-8.17892995065961
24/05/44,-0.241471257582061,2.92374209013776,-2.50855777239695,4.62772508150302
03/06/44,3.61931412351407,-0.252128584072198,-3.87862222243689,-3.6895954155055
13/06/44,3.84380350168929,8.5372593213831,-6.24877398881939,-2.38242429727064
23/06/44,9.52892094426913,-3.29348749225501,-2.09031951936969,3.70767375273551
03/07/44,-3.76817881446824,-0.711770137974015,-2.66778616607339,10.923548831987
13/07/44,1.20160300262867,-0.162295082376183,-2.32294086080307,-3.11154974093774
23/07/44,4.8856932224445,3.85746345176321,-5.13858577171382,-6.1597391222987
02/08/44,-2.739281657771,-2.36880042143502,6.61913594662927,0.737847042704331
12/08/44,8.43287491638703,-3.96730553546485,-2.1610404342106,-0.013470073386903
22/08/44,-4.2460950969887,-5.31456656040492,2.68325756438601,-1.36209921652852
01/09/44,-5.78691447671027,-7.18046558683027,-3.59796336725134,0.168469589869051
11/09/44,-5.86308308505787,1.16294834332248,0.362997135197304,-7.55681512775206
21/09/44,0.891913084929232,0.780182549782064,-3.65339670302788,1.99501873861076
01/10/44,-3.15592317477249,-2.02915672522525,0.809425054585057,-0.265586196648817
11/10/44,1.38906687023061,-0.372513896300446,0.499780920484631,-3.88049373838246
21/10/44,0.541424486968646,-0.293973874070713,0.660314405602832,-0.568220562793009
31/10/44,1.80281535942395,2.24371494700497,-0.785752944135991,-2.23855210415046
10/11/44,-2.55280037144164,-2.10485943457124,-1.64722206634722,-11.3374880242316
20/11/44,5.33438822847028,4.57609872372072,-1.34816767263105,0.85141544595147
30/11/44,-0.764791915663241,-2.74908583809839,1.65622870768543,-8.61884111243363
10/12/44,-0.197444031856604,-1.31097742692465,-1.41398676457092,-0.180480772483367
20/12/44,5.94543609224042,3.33881923584435,5.56849716531456,-5.6644214703537
30/12/44,-10.0868444351589,-3.61597914530784,-2.49811773862658,-2.4551830059922
09/01/45,-4.85718490533936,0.216241723237471,-1.42557942448295,-2.52306867658306
19/01/45,6.02974242410968,1.94470758861422,-0.126936007531881,-3.24367501555889
29/01/45,2.36124892697928,4.27612824025655,0.70637454539333,6.15939351414416
08/02/45,0.386683423466895,3.64027191063935,2.67556135740335,-1.08621669780797
18/02/45,-2.10839902171348,4.76679912748828,2.80996208748345,1.52688647221828
28/02/45,-7.65278462760771,-1.35014967352328,-2.30960827898254,-2.63258482036308
10/03/45,-0.364068918758647,-1.42158152995022,1.03156802651171,0.015054315574747
20/03/45,0.294697223303392,-1.3493060784084,1.04993273151042,-1.76130094196091
30/03/45,0.485900802734895,8.67953265935688,-0.997304202329795,-2.98626684129034
09/04/45,-6.01889464309034,0.152560729345036,4.9855830570216,-4.31468619655332
19/04/45,1.97591111935188,-0.893027282635943,5.04800136250391,-0.304173023729778
29/04/45,-1.06677606915678,0.541084087474298,3.04710017134718,1.36121624938813
09/05/45,-1.26917782434985,1.25970754802064,9.23230913583807,-2.23040942606659
19/05/45,-3.12449187734037,3.00559657041306,-2.21678423917857,7.3273417870766
29/05/45,5.79495896052308,4.88213961065376,-0.857620329969204,-2.54431723159726
08/06/45,0.237096806866171,2.70194505704184,1.32915451916943,-0.531264193801862
18/06/45,0.787593037998595,4.10573822676944,-2.30968053042948,1.34228279616413
28/06/45,-1.57299376968149,-4.66080424555156,1.79919277144807,-8.55390718264127
08/07/45,-0.685943972457826,-2.4715778451827,1.422836265856,-3.22208456384844
18/07/45,-2.50153207301227,4.39370102775487,0.93351377934468,1.22483052071225
28/07/45,5.9006626297013,-0.743455195109366,-3.04097969308613,-0.975145604190199
07/08/45,-2.036123162917,3.6737742242566,2.20910528107874,1.61550205097179
17/08/45,4.06406876350212,0.138656246399228,4.01202274633311,-3.34394370952081
27/08/45,7.53885866739998,2.54545418699717,-2.00554905813577,-2.93347014487008
06/09/45,-2.89306169695346,-0.6627309651033,-0.750658325265387,-3.17860831845065
16/09/45,-1.96298263758878,1.06023028824872,-3.42967286817155,-1.55254486333677
26/09/45,-1.34428036501008,2.36275273578278,-6.12035424805828,4.20049761520817
06/10/45,2.18746366302489,-0.644521198103412,3.76527298305268,-0.811803945324503
16/10/45,1.91619405295906,6.47625086194973,-0.625453550408548,-2.86761331720237
26/10/45,-0.507677560822129,-2.12276087460987,-6.14113773338821,0.667715766681373
05/11/45,-1.4399940994232,-0.910039018186502,-0.017239958886175,-1.70965111747643
15/11/45,-9.90647428574861,-0.416848800904065,2.84657295913528,-0.661744352305722
25/11/45,-1.17761699575379,-1.7580806340233,-0.562078474082377,-4.66004857922068
05/12/45,3.05748694623183,10.4728458018143,7.10161062683755,3.59944398245721
15/12/45,-4.12957082913311,3.01372380255396,1.16358301010844,4.07685376801066
25/12/45,6.92942584036363,-0.526160699651567,-2.94811311327629,-2.62336371523464
04/01/46,-0.461736155882779,-4.60172307059725,0.653696848796707,1.56308198920732
14/01/46,0.008068087013841,0.769109245112715,2.42891415960452,-3.62701372324194
24/01/46,-0.694343098018472,2.10677217374362,-0.010664646231641,0.460497636421015
03/02/46,11.5356747763584,4.87999545867389,3.0616736086621,3.68648809536303
13/02/46,0.531539767802802,0.236933790628848,-3.74327203616721,5.06655625797138
23/02/46,-9.61774428366666,-5.49928284787085,-5.06131804941939,4.92650751632885
05/03/46,0.909215455604325,-1.84032948763654,4.12015573405895,-2.65367568975375
15/03/46,1.53019335091797,-2.79491981049671,-0.518663774273695,-2.64355366190602
25/03/46,-0.856525240812398,1.3246569022243,1.48268607652197,-12.8218212206846
04/04/46,7.77787761375679,2.70104911503767,-1.00468948625199,-3.04148414382925
14/04/46,-3.78511624209248,-0.418973802733388,-4.4014992297702,2.96185744354918
24/04/46,-1.47876026491121,-5.14081073537029,-0.688859584452333,8.38019379837941
04/05/46,1.68048074248109,0.729883118939914,-1.08565465112419,-3.75248498727087
14/05/46,-5.07138601966136,-5.24663482852566,1.94757087021864,0.503987215286699
24/05/46,0.981766314696639,-4.95062950391743,-3.40642640945359,-1.82123210518127
03/06/46,4.81647161535196,-0.326921590423133,0.81224810196853,-0.516919934521834
13/06/46,-1.40789252981708,-5.45661646300227,9.4911425061912,-2.68014259880138
23/06/46,4.52108052901163,2.96697245820195,1.70251254376465,-3.10045672872703
03/07/46,-7.7944807572157,-2.61779060400176,-7.75694665040349,2.16951704005052
13/07/46,-0.392672103517058,-0.429817454787034,-2.06067440753423,0.997187538998515
23/07/46,-3.78220244019804,2.84178996901221,-1.17955537550544,3.41740939859455
02/08/46,-2.45139765343589,1.18167517947818,-1.00275266017966,-8.92299339174732
12/08/46,1.6050498986803,5.1050261270804,-3.01222383450882,-2.43228557933905
22/08/46,-0.694830066562945,1.2034265795391,0.120887703483268,-0.192405780877758
01/09/46,-0.191158245521094,-0.52591511127806,-4.00218646792985,2.99211566118582
11/09/46,5.16430843018952,-0.828285020013157,-0.363905143531227,-2.07718176079797
21/09/46,-7.14932507202017,-1.00516578563441,1.91237385440833,2.94460755433235
01/10/46,4.4023739912314,2.87927682018448,-1.04918907672142,6.10336431939077
11/10/46,4.12897738954411,-0.091996427404578,-0.487392384646214,-2.03405660745482
21/10/46,-1.81928797005534,0.312510845782428,-0.128540761858547,2.49445596682992
31/10/46,1.52572787933706,5.98917344741533,2.73758648207558,-0.601001723518782
10/11/46,-2.18867033221793,-6.92375880865279,-1.19878731074724,4.06817652520295
20/11/46,-2.41793976285348,-0.63399901435983,-4.85167190190034,-1.2118594013452
30/11/46,5.9145677860022,-1.62696451240982,-1.95905576020405,7.24399649991341
10/12/46,7.1031671081338,2.25378953015968,1.50185375892568,-1.95500808391857
20/12/46,-1.18627662169243,1.81631081021524,-0.46341653357233,1.39517466820442
30/12/46,-1.40292102230067,-0.653150715034408,-4.89746225309046,2.79374427460454
09/01/47,1.78016726401946,3.8050453023247,-1.73307888879174,-0.698716412169845
19/01/47,-1.20669595085416,4.92755208604526,4.04851664490874,-1.56309806116021
29/01/47,0.147721296740946,-10.8587714884289,-3.64704863294087,0.261257180298655
08/02/47,5.75780826984426,4.20700303301698,-2.44147041086376,1.74934966888322
18/02/47,0.951466720569144,3.42049090026391,-1.48961883346044,-6.16247463139088
28/02/47,-1.22223777325159,-3.27157748977093,1.9524319091635,-1.72522459585895
10/03/47,1.05280319692923,5.24477043759498,7.6560440195038,1.87232590605982
20/03/47,-0.157415288257392,-0.905037448174961,-1.68529797266964,-0.171164431007537
30/03/47,5.06948265481005,-1.44339858493627,-1.369180729808,-1.2770736259827
09/04/47,-3.21329433516034,-0.209450375721492,-1.89548678533177,-3.63793155659555
19/04/47,0.740271486491135,0.699655526382013,2.67948378365612,-3.10520933609787
29/04/47,0.550016986722614,3.85734982351105,-2.10518602398409,-12.8292181921506
09/05/47,2.32539958489755,-1.70074856012293,0.973456089298322,-2.1068532134454
